{
  "n_users": 426601,
  "n_games": 484,
  "n_qualifying_users": 12389,
  "interaction_matrix_shape": [
    426601,
    484
  ],
  "mf_best_k": 10,
  "mf_loss_history": [
    0.9917117815557868,
    0.9763946945313364,
    0.936473731091246,
    0.8310821373760701,
    0.6425042922608555,
    0.4909634687565267,
    0.39322954462841153,
    0.31631757820025086,
    0.2561718233861029,
    0.21040989615023137,
    0.1748893290013075,
    0.14653459334746002,
    0.124126839581877,
    0.10582122050225734,
    0.09090520003810525,
    0.07840138299390674,
    0.06787670465186238,
    0.05913828516378999,
    0.05167725471779704,
    0.04539475344121456,
    0.03993758246302605,
    0.03539851782843471,
    0.03143979460000992,
    0.028065906092524528,
    0.02521881928667426,
    0.02275717172771692,
    0.020607433412224055,
    0.018752108700573443,
    0.017193669863045217,
    0.015774155762046577
  ],
  "evaluation": {
    "popularity_baseline": {
      "HR@5": 0.4597,
      "HR@10": 0.5796,
      "HR@20": 0.7124
    },
    "content_based_baseline": {
      "HR@5": 0.1806,
      "HR@10": 0.217,
      "HR@20": 0.2669
    },
    "matrix_factorization": {
      "k=10": {
        "HR@5": 0.1103,
        "HR@10": 0.1888,
        "HR@20": 0.2949
      },
      "k=20": {
        "HR@5": 0.0764,
        "HR@10": 0.1333,
        "HR@20": 0.2183
      },
      "k=50": {
        "HR@5": 0.0756,
        "HR@10": 0.1235,
        "HR@20": 0.1998
      }
    },
    "hybrid": {
      "alpha=0.1": {
        "HR@5": 0.177,
        "HR@10": 0.255,
        "HR@20": 0.3529
      },
      "alpha=0.3": {
        "HR@5": 0.2057,
        "HR@10": 0.2569,
        "HR@20": 0.333
      },
      "alpha=0.5": {
        "HR@5": 0.197,
        "HR@10": 0.2323,
        "HR@20": 0.2828
      },
      "alpha=0.7": {
        "HR@5": 0.1913,
        "HR@10": 0.2266,
        "HR@20": 0.2695
      },
      "alpha=0.9": {
        "HR@5": 0.1875,
        "HR@10": 0.2191,
        "HR@20": 0.2671
      }
    }
  },
  "error_analysis": {
    "hit_examples": [
      {
        "user": "76561197960407376",
        "held_out_game": "Counter-Strike",
        "train_games": [
          "Call of Duty: World at War"
        ],
        "top3_recommended": [
          "Crown Trick",
          "60 Seconds! Reatomized",
          "\u0428\u0425\u0414: \u0417\u0418\u041c\u0410 / IT'S WINTER"
        ],
        "hit": true
      },
      {
        "user": "76561197960414992",
        "held_out_game": "Blood\u2122 Fresh Supply",
        "train_games": [
          "Counter-Strike"
        ],
        "top3_recommended": [
          "60 Seconds! Reatomized",
          "My Exercise",
          "Rag Doll Kung Fu"
        ],
        "hit": true
      },
      {
        "user": "76561197960429536",
        "held_out_game": "Fear & Hunger",
        "train_games": [
          "EARTH DEFENSE FORCE 5"
        ],
        "top3_recommended": [
          "The Secret Order 7: Shadow Breach",
          "Fear & Hunger",
          "Call of Duty: World at War"
        ],
        "hit": true
      },
      {
        "user": "76561197960432832",
        "held_out_game": "Blacksad: Under the Skin",
        "train_games": [
          "Counter-Strike"
        ],
        "top3_recommended": [
          "Tools Up!",
          "Counter-Strike: Condition Zero",
          "The Jackbox Party Pack 6"
        ],
        "hit": true
      },
      {
        "user": "76561197960789216",
        "held_out_game": "Through the Darkest of Times",
        "train_games": [
          "Counter-Strike",
          "Dungeon Dreams"
        ],
        "top3_recommended": [
          "SIMULACRA 2",
          "Rag Doll Kung Fu",
          "My Exercise"
        ],
        "hit": true
      }
    ],
    "miss_examples": [
      {
        "user": "76561197960269648",
        "held_out_game": "Counter-Strike",
        "train_games": [
          "Call of Duty: World at War"
        ],
        "top3_recommended": [
          "60 Seconds! Reatomized",
          "Crown Trick",
          "Blood\u2122 Fresh Supply"
        ],
        "hit": false
      },
      {
        "user": "76561197960270608",
        "held_out_game": "Blacksad: Under the Skin",
        "train_games": [
          "Counter-Strike"
        ],
        "top3_recommended": [
          "My Exercise",
          "Space Quest\u2122 Collection",
          "Counter-Strike: Condition Zero"
        ],
        "hit": false
      },
      {
        "user": "76561197960272112",
        "held_out_game": "Dragon Iris",
        "train_games": [
          "Blacksad: Under the Skin",
          "Radio General",
          "Estellium Legends"
        ],
        "top3_recommended": [
          "Hentai Jigsaw Puzzle",
          "Cook, Serve, Delicious! 3?!",
          "Fantasia of the Wind 2 \u98ce\u4e4b\u5e7b\u60f3\u66f2 \u7b2c\u4e8c\u90e8"
        ],
        "hit": false
      },
      {
        "user": "76561197960275376",
        "held_out_game": "Counter-Strike",
        "train_games": [
          "WRC 8 FIA World Rally Championship"
        ],
        "top3_recommended": [
          "\u59792 : \u6211\u8fd8\u60f3\u518d\u89c1\u5230\u4f60   Her2 : I Want To See You Again",
          "Through the Darkest of Times",
          "Tetris\u00ae Effect: Connected"
        ],
        "hit": false
      },
      {
        "user": "76561197960284768",
        "held_out_game": "Dungeon Dreams",
        "train_games": [
          "Blood\u2122 Fresh Supply"
        ],
        "top3_recommended": [
          "Call of Duty: World at War",
          "My Exercise",
          "UNI"
        ],
        "hit": false
      }
    ]
  }
}